age,income,policy_term,premium_amount,payment_frequency,dependents,occupation_risk,previous_claims,credit_score,retention
37,39544.14869603189,5,852.5076256269258,Yearly,3,High,0,757.1574243787467,1
40,28105.938654664093,25,3992.161057251474,Monthly,1,Medium,0,692.9311015282944,1
36,98778.5799811657,5,1993.5561311742772,Quarterly,1,High,2,733.2319414789837,1
35,43936.4209863931,20,7421.3811475118055,Monthly,2,Low,1,713.6989434396444,1
55,37125.475853586766,20,-298.1990865341186,Monthly,0,High,1,674.8351072181388,0
37,72383.08522010395,25,6323.578909381469,Monthly,4,Medium,2,712.3516435111669,1
44,108795.04812678546,5,5041.09075777543,Yearly,3,High,0,711.452486912606,1
35,56637.12362830421,5,5121.85818769872,Quarterly,4,Low,2,613.8276003612839,1
45,100121.85776318246,5,-406.9602595231445,Monthly,0,High,0,765.0322621133026,1
35,63373.09343933455,20,3281.9449222625817,Monthly,1,Medium,1,794.4661310990273,1
53,37606.60210747713,10,6179.8969691098855,Yearly,0,Medium,1,720.5778958626821,0
53,87514.13626623238,15,7984.035738722111,Yearly,0,Medium,2,763.5789538994693,1
24,41612.30816827153,15,4261.293779906874,Monthly,3,Medium,0,715.4375640495934,1
34,88218.6475949254,10,7840.353925386747,Yearly,1,Low,0,751.3209727435989,1
40,54091.97179721941,25,6845.127033696284,Monthly,3,High,0,673.8662871816832,1
31,84375.23703394634,25,2479.3714173128133,Yearly,2,High,0,749.8350687119761,1
32,85939.89093122218,10,3919.4939933284654,Yearly,4,Low,0,699.7945622895039,0
44,28882.087075927455,5,3144.132080124559,Quarterly,2,Low,1,735.0281837446687,1
47,37464.6506218039,25,2557.0098738668694,Quarterly,1,Medium,1,753.0169543033636,0
19,57347.325072348525,10,3652.151306540809,Quarterly,1,Low,2,715.465666650817,0
41,42030.64036417926,15,3166.36431651897,Yearly,3,Medium,2,721.6422276925139,1
50,75998.838038841,20,3387.5636663819114,Quarterly,0,Medium,2,667.4592996378966,1
21,52229.63093822228,15,7519.927004683176,Quarterly,0,Medium,2,715.1077158409432,1
22,87601.82708294904,20,5910.028122764191,Monthly,1,Low,0,831.0737393239244,0
38,54824.07874665795,10,2919.0900687721437,Quarterly,2,Medium,1,650.098201906648,0
46,61192.60739840348,15,8156.075014106197,Monthly,3,Low,2,715.10384243858,1
15,47955.75879276439,10,6003.437986055398,Monthly,0,High,0,668.4303175920247,1
43,36597.739478812815,15,5295.081823730657,Yearly,0,High,2,737.5978831405733,1
41,57853.95711991542,5,4644.123650016123,Yearly,1,Low,0,645.7743771806992,1
31,70272.00213139433,15,2984.798610679938,Quarterly,3,Low,2,679.5436795758378,1
35,78991.08270882648,10,7542.143299348524,Monthly,4,High,1,633.0487390962813,1
29,67028.96415083166,5,4594.631196325779,Yearly,3,Low,1,680.5250278868181,1
30,52543.33695816466,5,3670.260914752039,Yearly,0,High,2,693.7003249949905,1
17,59287.17035405033,10,3594.504446601227,Monthly,2,Medium,2,733.8322034163901,0
29,72943.91879405481,15,9839.583466020926,Yearly,4,Low,0,758.0305708846829,1
58,26628.318522448208,25,6086.759137889514,Quarterly,3,Medium,2,700.5073262871887,1
42,32603.940408418443,25,6601.496042646599,Monthly,3,High,2,764.2397711917154,1
47,72904.31171900114,10,6498.731884540082,Quarterly,4,Medium,0,693.4800942403635,1
42,47972.64712097573,20,6259.829724092588,Monthly,1,Medium,0,698.954729611171,1
33,89814.52273699903,20,4789.526063837465,Yearly,4,Low,2,736.0040326074478,0
55,47061.26444588852,20,2797.7194240448557,Quarterly,3,Medium,1,773.899698363273,1
26,60977.20140651408,25,4391.180507324377,Monthly,1,High,1,645.7087413851882,1
34,58346.386283146014,5,5867.770960003286,Quarterly,2,Medium,0,607.1189685329842,0
40,60426.23297343885,15,4470.770593255742,Quarterly,0,Medium,2,655.1833592943468,1
52,60563.62314738257,20,7765.283871328385,Quarterly,1,Low,1,674.9661799252243,0
39,98280.62707733572,20,4221.675365828066,Monthly,4,Low,0,678.4980997286181,1
28,66148.13395618202,10,2552.03586651366,Quarterly,1,High,1,739.4588029225226,1
37,51437.69678068175,5,1944.8590123813478,Quarterly,0,High,0,775.0210218844074,1
31,67638.70904463106,20,8303.09253838448,Quarterly,1,Low,0,694.9087467119786,1
38,23275.892537934065,10,2686.9280303245414,Yearly,0,High,0,667.7815469725235,1
54,53567.298975652346,10,3322.117495839396,Yearly,0,Medium,0,678.5477026066877,1
19,75085.82659627148,25,5397.392368762807,Yearly,4,High,0,689.174236794648,1
23,86809.00892046289,25,7814.51795012989,Quarterly,2,Medium,0,648.2051547394852,1
53,58232.740815893296,5,6017.131754716639,Monthly,1,Low,1,682.9053311945995,1
38,84008.27815888851,25,4493.339337690108,Yearly,4,Medium,0,626.1359646433938,1
60,69730.03287652404,25,5055.60583147988,Monthly,4,High,2,713.9242540272372,1
47,97081.85132668377,5,7824.894803182843,Monthly,4,Low,1,741.7427379600094,1
46,44244.32496183522,5,3909.780019553326,Monthly,1,Low,0,686.480441227788,0
41,38545.139485203865,5,6178.698754756306,Quarterly,2,High,0,772.811626442666,1
37,67869.70770843499,25,1780.3770926066263,Monthly,0,Low,1,673.4481524691158,1
30,53013.66407763605,5,1480.4815596447474,Quarterly,4,Medium,0,675.745103034949,1
37,71771.5680884122,25,4468.448607091445,Quarterly,4,Low,1,689.4955592946419,1
42,20035.986309357846,25,6430.727893601267,Monthly,2,High,1,751.2036720883049,1
56,57775.47877302599,20,6402.650009135519,Quarterly,1,Low,1,772.9342821606372,0
37,67836.08010805093,15,4923.718623951366,Monthly,0,Medium,2,744.1967350060385,1
46,38180.67139569603,5,7932.9114523148,Monthly,2,Low,2,616.5617521969496,1
40,81520.14277197196,25,4559.0276916651765,Quarterly,3,Low,0,692.8975943644444,1
31,73558.51742678539,5,6774.062044265812,Monthly,4,Medium,1,676.9183799217159,1
55,43072.86690018253,25,786.4758172010088,Yearly,3,Low,2,658.0516500803292,1
34,50241.77183708595,15,8029.5640923883075,Monthly,3,Medium,1,730.4834036470137,0
39,48962.83708215106,5,324.4903331296937,Monthly,4,Medium,1,797.9249200939497,1
51,64021.98093429935,15,6179.219093384055,Yearly,4,Low,0,755.5832377446031,1
43,73939.08809021472,5,7148.370784357941,Quarterly,2,Medium,0,704.4761025380326,1
27,66617.60464428914,10,5284.18449124069,Quarterly,2,Medium,1,765.3269792151275,1
45,40811.21526553041,10,3568.6599725647216,Yearly,1,High,1,712.8597426114007,1
45,49295.29576878864,15,8979.618208487049,Yearly,3,Low,1,738.5803554803634,1
31,59607.24402146637,20,5033.098797818227,Monthly,1,Low,1,770.7958178727929,1
53,44016.15986699493,20,4889.105275772415,Quarterly,1,Medium,2,574.4942538838616,1
43,53014.84591363143,15,6598.176424376477,Quarterly,1,Low,2,725.4562997525053,1
46,75201.11927379205,20,3777.4612016103642,Yearly,0,Low,1,645.9912657617333,1
31,52659.44321833355,15,4215.140891084368,Yearly,4,Low,0,672.4508805467216,1
46,44079.48286393022,20,1799.1928764842605,Quarterly,4,Medium,1,719.209774605153,1
48,92567.93246257075,20,6248.838824513105,Monthly,1,Medium,1,671.1228234200333,1
37,67771.57209061929,25,2131.0693163006263,Yearly,0,Medium,0,694.5579047687929,1
51,46141.896044081856,15,5148.558488165697,Quarterly,3,High,1,753.9487615069652,1
41,63809.99359558133,25,4659.546216816512,Quarterly,1,High,1,602.2659502200623,0
31,63667.19839558311,25,5258.6351963002535,Yearly,4,Medium,2,744.7986330112273,1
29,60425.43153472123,20,1965.3875686430138,Monthly,4,High,0,665.7204568235471,1
29,57059.95996743023,25,8746.041247150913,Yearly,3,Low,1,681.299079132145,1
37,24539.35063586237,25,3345.302000719295,Quarterly,3,Medium,1,701.0093880938113,1
24,67542.00787804373,5,7353.712487237161,Monthly,0,Medium,0,721.8950700718156,0
39,53618.92128666764,25,7379.782107749981,Yearly,1,High,2,730.9044008103716,1
59,48976.28567342933,5,7220.697959828586,Yearly,1,Low,2,728.0270212651905,1
38,48389.53100390555,5,4206.510042011253,Quarterly,2,Low,1,695.6066272035208,0
38,62391.60736828307,25,7304.062805619033,Monthly,4,Low,0,700.0499851856765,1
34,36082.33875929631,25,1864.584412348458,Yearly,1,Medium,1,760.146461464102,1
34,29940.593432096935,25,2931.72600188647,Quarterly,3,High,0,608.0845332645476,1
50,55574.92752828456,25,5152.4764553631485,Yearly,2,High,1,714.4428952098838,1
47,72703.43603363939,25,3621.0443504328573,Yearly,0,Medium,2,658.5137161866104,1
32,80196.34178685269,25,5630.6837178013075,Monthly,1,High,1,677.0669516412166,0
28,95445.03193339487,5,6039.092659548792,Monthly,0,High,2,577.4231802795562,1
43,73257.62537334826,15,5415.921861360773,Yearly,1,Low,0,680.7267971389417,1
23,94539.2770246681,25,5541.68515470599,Monthly,4,Medium,2,751.5608566869179,0
37,52700.945409142296,15,1928.419462849964,Monthly,3,High,0,688.6421957933029,1
39,51413.9555096548,10,7055.764188041503,Yearly,2,Low,2,673.4617055923321,1
42,58972.12552823027,15,6677.524287818462,Monthly,3,Medium,1,718.689086701608,1
49,62973.34914404223,5,2372.7697078418673,Monthly,4,High,2,705.1500808101806,1
42,27697.363681889812,5,9531.425380991384,Quarterly,1,Low,2,668.0467195274183,1
44,112886.8669403407,5,5411.259629386976,Yearly,3,High,1,775.7487111966929,1
29,70318.78435408199,25,5724.080291718104,Monthly,1,Low,0,730.8918391350959,1
50,12741.351289163234,25,6105.134781314022,Monthly,3,High,1,722.0041962448838,1
46,62817.72493822408,25,3600.01641285634,Monthly,4,Low,1,751.6914825166364,1
35,82972.7469885743,15,7211.809971834546,Yearly,2,High,2,679.5193307601153,0
57,97997.6386979043,25,6512.997855680313,Quarterly,3,Low,1,686.2547864546902,1
34,84765.66142867271,25,5198.13815184682,Monthly,1,Medium,1,834.1561608358445,1
45,112033.6622836079,20,2770.4321905669694,Yearly,4,Low,0,678.7918998261442,1
32,79277.58233589819,10,912.3474101557658,Monthly,1,High,2,668.4430828934982,1
48,70829.25456409575,10,7037.146606372082,Quarterly,0,Low,2,767.1230297645462,1
34,67345.7462680268,5,7868.265446467169,Monthly,3,High,1,686.0497359977019,1
49,45631.85468861605,25,7195.249929722329,Monthly,1,Medium,1,725.2316810463026,1
20,77004.43484226985,15,4661.697648513359,Quarterly,1,Medium,2,722.7699085489107,1
45,91890.10126449945,5,8250.86371831756,Monthly,3,Medium,0,755.2468488500677,1
47,56500.80486609183,20,8398.988905342692,Yearly,2,Medium,1,730.2196285183413,0
40,61357.11021054807,5,5770.865143482524,Quarterly,1,Medium,1,699.3190761332738,1
37,59259.26405903176,25,5023.856474800315,Quarterly,1,Low,1,732.6163267914116,1
34,73927.7489491343,5,6272.474750757851,Monthly,3,High,2,688.0369897665272,1
42,68738.763394927,5,6454.160040901907,Quarterly,3,High,0,725.8508448787775,1
25,78651.8166374618,10,4653.441416452206,Monthly,1,High,2,658.862436206848,1
39,57592.376720928034,10,7178.843848980101,Quarterly,4,Low,2,720.8300457380552,0
44,69070.6860302796,25,4787.162239994023,Quarterly,1,Medium,0,622.8637245258935,1
25,82193.99683912446,5,4910.479384775653,Yearly,0,Low,0,712.483058925462,0
50,76355.32598400574,15,6298.240280119874,Quarterly,0,Low,1,652.4263742032139,1
26,74776.20961775006,15,5192.11728390284,Quarterly,0,Medium,2,759.2509818976206,1
50,77055.4735024444,10,7563.318433567799,Quarterly,4,High,1,680.9997880482143,1
44,87987.10873172004,15,6337.2997203211835,Yearly,2,Medium,0,776.4745423444305,1
46,38697.72673849255,10,7779.928137208405,Quarterly,4,High,0,621.5762216959323,1
27,73451.47402405462,5,5081.196952312597,Monthly,4,Medium,1,659.2946254454595,1
37,66035.83799638932,10,3732.109180213163,Monthly,4,Medium,0,733.3463830678684,0
26,53839.31431628518,15,5224.7242538516075,Monthly,3,Low,0,659.5610958881302,1
39,66463.35428369563,25,4258.0839608568895,Yearly,1,Low,2,648.5190062914369,1
43,68390.64887814055,20,6661.015915320175,Yearly,4,Low,2,714.6173903672876,1
35,79920.95371611633,5,4118.807063067611,Yearly,4,High,0,644.4916570638661,1
39,62084.022079037524,25,5398.594619984128,Quarterly,2,Medium,2,622.558808101965,1
61,37073.09213962624,5,7081.818700612226,Yearly,2,Medium,1,666.3805847324874,1
51,52693.56897375783,10,2847.005463180716,Quarterly,4,Low,1,722.923823236265,1
60,70765.92158099265,20,6529.396669329348,Yearly,2,High,1,786.3997210970618,1
51,42440.34826486878,15,2910.8515602865687,Yearly,4,Medium,0,659.6317515745003,1
52,67392.84384396188,25,8316.970083936161,Monthly,2,Medium,2,638.3068344770682,1
40,58567.97481171872,5,3975.1858256806063,Monthly,0,Low,2,717.3056893400627,1
34,61959.66306941791,20,3896.87838215198,Monthly,4,Medium,0,761.7830322691872,0
31,87840.04572689199,20,4768.215877277735,Monthly,1,High,1,644.8476700443374,1
30,84261.95399958367,20,6298.457580610197,Quarterly,2,Medium,2,713.2985083908535,1
46,52599.779402357446,25,8261.163940660126,Monthly,4,High,1,645.524261236169,1
33,66930.07763461431,5,2680.491105795734,Quarterly,2,Medium,0,732.2986081409769,1
35,109859.99034865582,20,2885.3343656505394,Quarterly,0,Medium,1,646.6641686819065,0
40,68438.41508470569,20,5355.142617280074,Yearly,0,Low,1,712.8321408572186,1
31,46638.190927139025,15,5239.901360317485,Yearly,2,High,2,665.9565311951118,0
46,39103.81611957933,25,3559.170286392325,Monthly,0,Medium,1,606.0036112658181,1
51,41213.29212362491,15,4042.840200271611,Yearly,4,Low,1,652.9262723797225,0
42,56538.56351432261,25,4491.887603642296,Yearly,3,Medium,2,736.5554265506282,1
49,43215.80665321987,15,7181.498703980852,Quarterly,0,Low,0,747.8704463480886,1
43,64011.38394461886,10,8079.481525351757,Quarterly,1,High,1,742.8183143271187,1
55,79281.74336576715,25,6272.819092841429,Quarterly,2,High,1,692.3868083291253,1
39,66176.66025197928,10,3917.8323406443615,Quarterly,1,Low,2,672.5012849933405,1
49,80451.4086401928,5,5667.358119890794,Quarterly,0,High,2,656.4246319170993,1
33,72270.35945460833,5,1363.5191320057047,Yearly,3,Low,0,757.29522892259,1
49,63892.14910474485,25,9723.22288800938,Yearly,3,Medium,0,723.764440465929,1
27,66395.63868285074,5,921.1370033601361,Quarterly,3,Medium,1,738.0072424074874,1
49,60640.08298131533,20,4080.646263021413,Quarterly,1,High,2,774.8626945439694,1
33,36127.2633648704,5,8563.073363934089,Yearly,4,High,2,665.6313233389852,0
32,77068.31117560616,25,7180.868682798218,Monthly,4,Low,1,757.8469882782166,1
46,55174.84690762915,20,4671.591790606966,Yearly,3,High,0,724.7670743416227,1
42,54048.72993280016,5,2973.9409807797,Yearly,2,Medium,0,745.3611808937279,1
43,58748.13744200955,10,5573.459678167583,Yearly,4,Medium,1,712.3507302683147,1
55,77903.86440055465,10,4023.2403574739974,Quarterly,1,Medium,1,727.7566122525105,1
32,64767.3796546957,25,2612.9154511299384,Quarterly,1,High,0,822.1166403921611,1
70,42250.156443957996,20,2868.930620206112,Quarterly,3,Medium,2,721.8673966303903,1
55,34340.15551622861,25,7226.7210118878775,Quarterly,4,Low,1,686.1836099926611,1
36,94650.29998970183,25,3926.553779833943,Quarterly,1,Medium,0,750.7932436940071,1
41,77936.78631731065,25,4918.411020430078,Quarterly,1,Medium,2,687.6793960447774,1
33,71379.66158370551,25,10059.129010925644,Quarterly,2,Low,1,701.718588051513,1
47,60311.58095162935,25,4364.060867130276,Yearly,0,Low,0,676.1247526291786,1
42,56797.34408866719,10,1907.6757607782024,Monthly,1,Low,2,675.3701102611999,1
61,43926.50864060538,10,1295.345801968479,Yearly,3,Medium,0,685.7384842063775,1
63,36248.03161940974,5,4566.489967027656,Yearly,3,Low,0,721.0524825582454,1
32,64784.93728222299,15,4477.274435346268,Yearly,1,Low,0,697.307514437653,1
49,75567.22152333276,10,6885.692343465459,Quarterly,4,Medium,2,622.6043778632074,1
29,92274.22538117295,5,5328.636663802024,Quarterly,2,Medium,0,698.2786753424635,1
42,76008.19050455364,10,5950.54294794398,Yearly,1,High,2,815.1552235607991,1
46,45150.588286039034,5,4342.675969675408,Monthly,3,Medium,2,724.9842918069078,1
47,78815.42375976432,5,7071.6946097352375,Quarterly,1,Low,1,712.7812892774859,1
41,50822.3147426212,20,2427.3317066341033,Quarterly,1,Low,1,729.7252184330061,1
43,39993.37350788851,5,1386.8240550622218,Monthly,1,Medium,2,688.9477776148915,1
42,47524.6207860839,5,2327.983266729084,Quarterly,4,High,2,711.1093368451085,1
48,43448.195587025606,10,5434.926664648059,Monthly,1,High,1,666.7298356064961,0
31,59488.91858017109,10,4289.0187775881095,Quarterly,3,High,1,739.6802401629798,1
46,44864.09822861078,5,7081.237212019518,Monthly,3,Medium,0,730.7167942313727,1
19,63620.43117407414,10,1477.2664450533912,Yearly,3,Low,1,839.948976514733,0
41,79057.49094405878,25,6816.672322162189,Yearly,4,Medium,0,733.2994827727576,1
46,42362.50697544565,25,4434.847802427084,Monthly,4,Medium,2,609.5024171096135,1
34,94550.86340201422,15,5758.561743645299,Quarterly,4,Low,1,663.9136610951663,0
47,67893.43059645963,20,8157.567153224503,Quarterly,2,High,0,670.086754172357,1
34,2554.7557343670123,20,2496.4846272765153,Monthly,3,Low,1,723.1052189377469,1
23,24631.21268874297,5,2865.1113089068963,Yearly,1,High,0,745.0762753051679,1
44,51472.84807588914,25,5866.231927746222,Quarterly,4,Low,0,729.9309436957197,1
45,62527.591590928234,20,5560.220522093168,Yearly,1,Medium,0,791.0449337894677,1
34,9394.249545073406,25,3889.315392273349,Yearly,3,Medium,1,796.0477333540125,1
44,52236.46362917543,20,4608.642882246096,Monthly,0,Medium,0,707.2431818929592,1
36,67916.07066874819,15,2025.532264507514,Yearly,2,High,2,697.3054002993433,1
31,79106.10417141022,20,3978.609460491675,Quarterly,3,High,0,733.5371912716444,1
45,90268.99486484262,15,2801.8743588567027,Monthly,1,High,0,598.7828250896946,1
50,20414.003792484247,5,4657.946506908751,Monthly,0,Low,0,648.7178878731079,1
26,58337.888547426104,15,6369.685474663152,Quarterly,1,Low,2,718.4515864882065,0
37,63387.21648072156,5,5262.838688082702,Quarterly,2,Low,2,738.0488387045914,1
48,45616.933615151596,20,5854.267457375321,Monthly,0,Medium,0,686.0222181014212,1
42,82141.61338573946,10,8380.01986720752,Monthly,4,High,2,676.9397698193883,1
34,41925.96278539744,10,5379.127712869262,Yearly,3,Medium,0,700.6252495512713,1
29,79062.7326782649,20,7111.08920426395,Yearly,1,Medium,2,706.1460182873965,1
40,39516.263513415906,5,3058.495424873796,Monthly,0,High,2,675.0844447939733,1
30,71727.28037510187,15,5109.358816963523,Quarterly,2,Medium,0,692.6931152233612,1
30,53593.0538361136,10,2489.32776862768,Yearly,3,High,0,715.8628862616991,1
51,58189.33435391678,20,6498.087889052078,Monthly,0,Low,0,640.0754131239621,1
42,52007.27628770795,25,5603.836526098553,Quarterly,0,High,0,628.1855150858464,1
21,28749.082862269148,15,5286.687765191778,Quarterly,2,High,2,689.1508369291987,1
47,48338.45122862123,20,5337.3826506788655,Yearly,1,Low,1,740.3621193886765,1
40,41334.64081853608,15,4486.898038894252,Monthly,3,Medium,1,707.8379761182938,1
34,101534.95967121681,20,5817.3305667443365,Yearly,0,High,2,723.4704428097853,0
38,3029.147587398489,5,8265.708374546584,Monthly,0,Medium,0,655.0538004930539,1
27,101250.4983848629,5,5747.536856186989,Monthly,2,Medium,2,735.5820303361663,0
51,38153.744706548416,10,6445.972526238443,Yearly,3,High,1,607.3198241519177,1
20,33375.34092884444,25,3712.938604591218,Monthly,2,Low,2,784.0462811504333,1
45,59693.80301654009,15,5830.1301898719685,Yearly,1,Medium,0,661.3936391583889,1
39,48469.791985465614,10,4167.696288277104,Monthly,4,High,1,736.2716895784446,1
38,75066.83242209065,5,2700.7416020983724,Monthly,1,Medium,0,697.5901636276305,1
40,63840.98232980063,5,8063.79983308909,Monthly,4,High,1,782.0515917050013,1
42,101505.21745250531,5,8178.328838495853,Quarterly,4,Medium,2,638.1601158779072,1
29,78366.33212004625,20,2840.321692422962,Monthly,2,High,0,673.6995881285325,1
40,51134.354976169794,10,8792.824811545564,Quarterly,1,Medium,0,678.2187871880444,1
34,92311.65647096463,20,3956.7821762919552,Monthly,2,High,2,680.2859474966524,1
41,123862.15135689722,25,4525.6245231758685,Yearly,3,Low,2,672.5789357271531,1
23,68275.98194902997,20,7346.065067651414,Yearly,3,Low,0,683.1549118637021,0
43,65871.15864333259,20,5491.793653825809,Yearly,2,Low,0,717.002982535285,1
41,71871.13444561724,10,2940.667543441113,Quarterly,0,Medium,2,651.8467443294078,1
28,52936.67414378624,15,4370.672765306438,Monthly,3,Medium,2,623.6021195229619,0
32,69375.48512150047,20,8685.8060966093,Quarterly,4,Medium,1,741.9913917469617,1
46,39683.56362043206,5,9452.03777153338,Monthly,2,Low,2,691.0434786847197,1
35,80599.21635162322,5,5622.431795902979,Yearly,0,High,1,673.5398714170616,1
40,26140.863716092288,10,6066.451123111283,Monthly,0,Medium,2,703.9425902008587,0
41,59542.63875402236,25,2308.336430915156,Yearly,4,High,0,794.024461411778,1
36,41551.79631002995,15,1007.4474702571679,Quarterly,0,Medium,1,704.7898362814823,1
42,73862.11214526289,10,4234.562415682885,Monthly,1,High,1,692.556738665229,1
32,75593.2106453868,10,5091.179407006017,Yearly,3,Low,2,652.8975429892593,1
58,62730.70662165475,5,4064.8013190100082,Yearly,1,High,0,730.5543676070051,1
31,27092.025060862165,25,3457.9651632695004,Quarterly,0,High,2,727.5579887211574,1
57,64675.71823581495,10,3727.4209086438377,Monthly,1,Medium,1,752.7018155425444,1
29,53304.493357869185,25,5266.213804927926,Quarterly,0,Medium,0,766.0463415180996,1
58,65603.22317639213,15,420.5689004147407,Monthly,3,Low,2,739.1221824394241,1
50,70934.67136402758,10,5655.722281501552,Quarterly,0,Medium,1,537.3570601784191,1
32,55813.526456962674,20,4503.283947175752,Monthly,0,Low,0,769.6814337928672,1
24,69117.75544163215,5,3570.9709351885226,Yearly,4,High,0,677.2077563084856,0
13,79925.3363889428,20,5070.253339855474,Monthly,0,Medium,0,703.6473689302891,1
64,69913.63775945209,5,4866.234923085724,Monthly,4,Medium,2,739.8023787042875,1
35,60415.87415350816,20,5567.180023045666,Quarterly,3,Low,2,761.8013054366849,1
53,65711.08149715314,5,5798.797498557033,Monthly,4,Low,0,688.8375826064225,1
31,69199.44285878233,15,3604.2524627682255,Monthly,2,High,0,709.5518121031379,1
38,82163.65633475033,25,5190.313045364928,Yearly,2,High,0,706.9100693535346,1
38,63008.37810287153,5,5338.145058910373,Monthly,1,High,1,673.2702250673813,1
41,65371.845577265136,15,2137.4352247238917,Quarterly,1,Medium,2,762.8219433689515,1
21,81774.97239408371,5,5822.053309637457,Monthly,0,High,0,803.4144425420938,0
29,67623.16769765556,5,3032.134233779884,Yearly,4,Low,0,711.5291153764446,1
45,54983.339670899055,5,4468.572324777083,Yearly,2,Medium,0,654.9580786648481,1
32,74552.5908727396,15,4397.927779758193,Quarterly,4,Medium,2,753.5049242413637,0
34,35409.00811095166,20,4370.618212603232,Quarterly,2,High,2,717.3215030463418,1
45,56073.003018300435,15,1985.8561536432258,Monthly,3,High,0,673.2712618988245,1
31,47731.9467291812,5,3888.915676849129,Yearly,0,Low,2,685.2608478356681,1
37,47170.36809554096,20,5030.729551786619,Yearly,3,Low,2,704.2518528830203,1
29,74958.20512235067,15,2874.4463450676712,Yearly,4,High,1,678.1742056811867,1
18,57881.03291391729,5,4377.29714644795,Monthly,2,High,1,659.6363912557609,1
58,40933.42783482575,15,2462.3881848489555,Monthly,0,Medium,1,686.6241163618065,1
43,78078.6968217239,20,-1478.8754498801381,Quarterly,4,High,0,674.0786506346834,1
39,28736.18382606686,15,3611.0234279446736,Quarterly,4,Medium,0,709.010858525366,1
36,74652.80154431159,5,4758.076379226555,Yearly,1,Low,0,716.9544580402393,1
35,63951.99209384799,10,5824.4690797134235,Yearly,3,High,1,636.3130859756295,0
22,33057.47420940607,10,6289.012550547618,Yearly,2,Low,2,686.9948775086751,0
27,57047.948274026625,20,4567.143943448222,Quarterly,1,Medium,0,634.5889728745263,1
36,59229.83060998585,20,6056.785623735441,Quarterly,1,High,1,753.4601964520463,1
38,81573.61666862591,20,6228.05129451696,Yearly,4,Low,2,644.011197543537,1
46,71998.57459992409,10,3026.149351662695,Quarterly,3,Medium,0,688.6791634327369,1
58,71278.18240104719,25,2564.1527464697747,Yearly,3,Low,0,838.8649705784562,1
38,84167.32461186284,10,2889.8189833502315,Monthly,0,High,1,734.330113693489,1
34,48756.63946843396,15,7731.677211112928,Monthly,2,Medium,0,718.8129928028593,1
30,101149.90939423398,15,6275.6962130319625,Monthly,0,Medium,2,786.5671594547904,1
44,57251.02970744616,15,8001.299579466084,Quarterly,0,Low,1,714.2245967704747,1
25,79960.20219719305,15,3961.214027171248,Monthly,4,Low,2,702.7513542260732,1
30,101124.14259880644,10,8100.499345544333,Monthly,3,Medium,2,642.4557853836843,1
37,40228.17785698165,5,2861.5566694204813,Quarterly,0,High,0,633.8019376701798,1
26,67993.75903505283,25,3588.788439055662,Quarterly,4,Medium,0,787.6134999949909,1
55,61140.26249794169,15,8673.34926171881,Monthly,2,Medium,1,702.2960246223884,1
38,37885.906630281286,15,4075.485439838297,Quarterly,1,High,0,622.812995695045,1
35,35313.02256240156,15,6876.631431929009,Yearly,3,High,1,732.725147439037,1
47,68074.60180673219,5,6685.662489456862,Quarterly,4,High,0,666.4594548919861,1
54,58033.207464105,15,6699.270003519735,Monthly,4,Medium,2,685.7956673525375,1
35,63693.60611729817,5,5442.572243461065,Monthly,1,Medium,2,786.9829686635053,0
42,104626.00292385265,25,6432.221396162198,Quarterly,0,High,0,733.7809325464495,1
27,73426.80152900932,15,7305.889103645728,Quarterly,2,Low,2,650.6375102724521,1
46,58902.119987674276,5,4222.567018125545,Quarterly,1,Medium,0,677.3360414771582,1
27,36419.20417680395,10,6561.630855628276,Yearly,1,High,2,669.4908945617852,1
34,47885.70153993323,5,5954.701279472947,Yearly,2,Low,1,633.6313638309216,1
43,17286.51572042609,5,9023.651992885254,Yearly,2,Medium,0,723.5054604597847,1
26,73557.50639061816,10,1581.380709584378,Yearly,4,High,1,720.0532307472142,1
32,68380.3801873209,25,5239.005042529364,Quarterly,0,Medium,0,690.2487055588977,1
50,36601.66328579424,5,7425.9454584523755,Quarterly,3,High,1,745.8531256186303,1
38,53258.28057763921,15,6707.617124618137,Quarterly,1,Medium,2,723.143643805662,1
34,63958.21566925295,20,1599.5805149646862,Yearly,1,Medium,1,723.8244381582684,1
29,61289.488296202406,10,4849.240775154468,Quarterly,1,High,1,658.7392663319923,1
31,92245.5651597729,15,3461.3799510161307,Quarterly,2,High,0,693.8116525896706,1
46,72675.53761864197,15,4938.841960993065,Quarterly,4,High,1,732.0281376536763,1
67,37928.21365568458,15,5728.6390412559,Monthly,4,High,2,651.9739641205493,1
39,77247.86944765518,15,4681.329150608393,Quarterly,3,Medium,0,754.3833115907294,1
40,59512.90815478034,10,5797.966657581167,Quarterly,1,Medium,2,614.4835944881861,0
39,49075.11103495034,25,2939.6119602041185,Yearly,3,Low,1,629.3690747533653,1
37,40013.95535410178,10,2735.4344890454377,Quarterly,1,High,1,736.7342559819131,1
24,76216.16546319565,25,3944.5235519437465,Yearly,1,High,1,612.8130148525019,1
31,63211.47962099729,25,4210.075607006859,Monthly,1,Medium,1,701.0586793438938,0
19,76314.74425078594,20,6351.393898788776,Yearly,3,High,1,619.9596214514474,1
38,55926.524996460685,20,5683.4007672618745,Yearly,3,High,0,812.9133246644611,1
32,65742.48330403649,5,10501.44606107466,Quarterly,1,Low,2,665.5379743867408,1
50,70865.96058072775,25,5661.621850519514,Monthly,2,Medium,1,674.229306727728,1
23,69694.6563458895,10,6433.597595979,Monthly,0,Medium,2,759.6525844041773,1
36,61038.91771614599,25,-857.9027294021944,Yearly,4,High,0,708.3390722201249,1
43,89853.77137919044,15,7158.226607987855,Quarterly,3,Medium,1,720.6913661571659,1
43,50645.97597376217,10,2847.0738389343937,Yearly,2,High,1,716.9033456069825,1
58,78384.57869150407,10,7389.126862368257,Quarterly,1,High,2,632.9688570461055,1
61,44280.21078984101,25,5198.253072309274,Quarterly,4,Low,0,726.6815139506718,1
41,63197.12783994801,25,3153.3321112624235,Quarterly,2,Medium,2,664.8312297252841,0
55,56657.56572427177,25,4767.353921447484,Yearly,4,High,2,751.4612914622946,0
42,33538.204131850034,20,2497.1722550315467,Monthly,4,High,2,699.5455416608287,1
48,50124.868336773754,15,2782.0066135781526,Quarterly,4,Medium,2,761.1487835064167,1
41,55530.68035256296,5,6541.694554817158,Quarterly,2,Low,1,764.5741115704692,1
43,49427.666365004865,15,4085.8715879113047,Monthly,0,Low,1,727.9782996433647,0
31,71001.04198049103,20,3007.316635652392,Quarterly,1,Medium,1,648.2592534241371,1
25,72182.76241814354,5,3180.797847613422,Quarterly,4,Medium,1,701.087609200798,1
19,93554.0162815288,10,5270.804964967223,Yearly,2,Medium,1,709.4587869282689,1
29,24783.823760384483,5,2063.3268769318097,Monthly,3,Low,2,758.8115281953418,1
28,58847.62405932829,15,899.3033568751007,Monthly,4,Medium,1,633.9450159642786,0
39,53136.15449005179,15,4969.414678077083,Yearly,2,Medium,2,752.6663119704792,1
37,45663.5535879439,25,4683.472237192019,Monthly,3,High,2,769.5576992710882,1
54,68838.81299138819,20,6627.0960799411005,Yearly,4,High,1,734.4948706628973,1
35,1572.990330107852,5,5319.753268028355,Quarterly,3,Medium,2,665.9825087748632,1
30,66052.70930478067,15,5342.9236824531945,Monthly,1,High,0,735.6178246646813,1
39,108068.31170476551,20,1013.5623531787705,Yearly,2,Low,2,723.818307823467,1
53,60293.76389458394,20,5405.984225872155,Quarterly,0,Medium,2,727.7046053501963,1
46,33080.40639506503,25,6408.444578968834,Monthly,4,Low,1,737.6150969070753,1
36,83454.58038518729,15,7841.042686577297,Yearly,0,Medium,1,720.4869316384546,1
57,25029.36053523638,25,2307.2601730244382,Yearly,2,Medium,2,683.1072966374604,1
42,72761.02202881515,10,3809.6065381154167,Monthly,0,High,2,684.5895013286372,0
32,42303.94571946198,15,5439.568646848922,Quarterly,0,High,2,681.7051324102595,1
35,45289.40114820467,5,8068.727066882041,Yearly,2,High,0,673.7856965286396,0
35,73046.4575682684,20,6331.167933888387,Monthly,4,Low,0,723.5547553665513,0
37,55504.69196214633,10,3105.906684318942,Monthly,3,High,0,689.1723116445746,0
43,68809.49475920798,10,2921.8528672164375,Quarterly,3,High,0,738.4015760064195,1
45,45101.94710387102,10,4656.056787414651,Monthly,1,Medium,0,707.8373168792956,0
39,47751.25250719124,25,3969.9834472886164,Yearly,1,High,0,632.8372452951913,1
42,38926.35161707292,5,3044.0395789149507,Yearly,4,High,0,688.5698452175517,1
29,41586.52813841267,5,6500.556288399029,Yearly,3,Medium,0,701.6409642689658,0
39,34063.36104088307,15,5599.8148767345265,Quarterly,3,Low,1,727.4337577022845,1
32,53553.5906157732,15,986.4426244670376,Quarterly,4,Medium,2,728.1589348942225,0
39,70730.19687140807,20,3782.232124379322,Yearly,2,High,2,660.3352834074311,1
42,60060.92040306829,20,6150.677728231169,Monthly,0,Low,2,718.3550926251966,1
33,56053.23159385348,25,1822.105434167781,Yearly,3,High,0,668.1040883022065,1
42,43060.77303363344,20,7815.052915076743,Monthly,4,Medium,1,680.9494581952714,1
45,92668.63064602192,20,5889.238744802825,Quarterly,2,High,2,743.9308205300957,1
48,53815.81845900273,10,8083.345623592734,Quarterly,0,High,0,686.1274965807802,1
43,47488.74596980941,25,4621.209718505573,Yearly,1,Medium,2,595.4071788864765,0
38,75183.10320605294,20,5582.28861647208,Quarterly,4,High,2,735.1103805908979,1
43,54279.915562397786,25,3052.7559807687458,Quarterly,3,Medium,1,693.9651875796487,1
23,56998.88825934946,5,5495.665953748047,Quarterly,3,Medium,0,734.1948882171354,1
37,83932.62973291302,10,1556.0540717345611,Yearly,2,High,1,791.5166597654169,1
52,46862.114420572085,20,5293.282568594925,Quarterly,4,Low,2,616.1354365970425,0
34,81600.96131429297,10,4745.483960195451,Quarterly,3,High,0,750.6618943717493,1
40,61132.99849794214,15,6700.41073426247,Quarterly,4,High,1,788.4888566312682,1
25,68483.31892803832,10,5706.254475995754,Quarterly,4,Low,1,667.7711585164161,0
31,77900.76628152232,25,1979.5395091662049,Yearly,3,Low,2,766.2414210995046,0
44,22496.55060708511,20,5797.390367244476,Monthly,2,High,2,622.1100651764489,1
52,28376.18595935733,25,131.64722831481504,Quarterly,1,Low,0,748.9883608470682,1
38,90026.67303910974,10,6670.958443645784,Monthly,0,High,1,659.9202216123132,1
36,49345.98320676177,5,3054.158228017506,Quarterly,4,Low,0,708.0257434166126,1
32,62265.40821075529,25,8058.733616696289,Quarterly,1,Medium,2,724.7683441985548,0
26,64489.03637119944,5,4707.926788516404,Monthly,3,Low,2,769.131957280183,1
48,54386.49846266452,20,4443.1342347223,Quarterly,3,Medium,0,714.3957409781588,1
36,35521.19466475487,15,3784.103105429631,Quarterly,3,High,2,764.3546051895238,1
35,58028.23735431476,5,4312.235610374675,Quarterly,0,Medium,0,729.8489836758755,1
55,49904.50157543565,15,4875.176921728769,Yearly,0,Medium,1,790.6928068499083,1
30,70224.05199049962,15,4595.196022737312,Quarterly,2,Low,2,682.7531337134241,1
34,65773.87258559714,25,2428.6351635066453,Quarterly,4,High,0,664.6394460385138,1
42,92840.30320272737,20,6459.822985765749,Monthly,1,High,0,724.6281088929377,1
45,70159.82653825087,10,6211.77109591454,Yearly,3,Low,1,721.4219347934973,1
48,47080.71641750929,5,6367.344842833834,Monthly,0,Low,0,773.4696031581069,1
36,49418.9464530741,25,2742.7540059746098,Quarterly,3,Medium,1,612.6410015109575,1
40,83237.5660521638,10,3129.66634031343,Quarterly,4,Medium,1,616.6655432612725,1
43,50322.28331891357,10,8010.831201016925,Monthly,3,Low,1,758.2453128818303,1
34,44914.48299961284,10,4399.236518960458,Monthly,1,High,1,646.0688264165462,1
31,58590.024438818175,15,5657.520600685691,Quarterly,2,High,1,641.137812625271,1
35,35807.17962617589,15,6214.490907366812,Yearly,3,Medium,0,671.2563154076983,1
39,86351.95071215919,15,4345.3596074502875,Monthly,4,High,1,717.2574186864313,1
39,71112.08932006898,10,6219.467135699664,Monthly,4,Low,1,636.4925628697905,1
35,62107.5101229192,5,2708.68285766929,Monthly,0,Medium,0,629.6411507523203,0
43,67299.2200493245,25,4198.581385033854,Yearly,4,High,0,661.3920764909258,1
41,65975.05816731372,20,5157.855638144441,Yearly,3,Medium,0,684.5568788801704,1
32,62453.40631989591,5,2495.65110507132,Yearly,4,High,2,662.8385530274791,1
46,63597.88302306957,5,8024.032000011444,Quarterly,0,Medium,0,618.8843155580151,1
34,79840.84699073045,20,4197.671588777645,Quarterly,1,High,2,606.0910500234081,1
47,86298.28907168095,10,4477.341881097064,Quarterly,3,Medium,0,746.5569400117618,1
34,16546.609079719274,15,2792.724257501204,Monthly,4,High,1,661.4429321721391,0
47,72307.34968026108,5,5699.5954545072445,Quarterly,4,Low,2,636.4845636558222,1
47,83753.58776923128,25,3750.79818646332,Quarterly,0,High,0,645.4605701121772,1
47,68141.0457424907,20,6348.898804807337,Yearly,2,High,0,719.0097946755718,1
30,72616.23369109555,20,3375.8301361128706,Quarterly,0,High,2,690.1660300856599,1
39,79062.50090752174,15,4214.395606961626,Monthly,0,Medium,0,690.8487808429478,1
32,77673.19874973345,10,4944.288889245331,Quarterly,0,High,2,718.4870401320181,1
61,62858.86189527414,5,2992.6775766563956,Yearly,2,Medium,2,727.6945382671851,1
44,105048.71610688618,5,1308.840729351677,Quarterly,2,High,0,742.1087782574434,1
34,95506.21785219024,10,3542.9568919712947,Monthly,1,Low,2,674.9892742124562,1
31,65623.82847938752,25,2993.775967920043,Quarterly,2,High,1,642.1719198429506,1
29,46971.63992771103,20,3389.885215313193,Quarterly,4,High,1,702.4024918882795,1
39,56126.81081440564,25,3063.783423341765,Quarterly,1,Low,2,668.7081922383132,1
43,89530.80699451792,25,3717.082469137189,Monthly,1,Medium,2,720.2901691767876,1
33,1192.2273067143979,25,3183.0072162134447,Yearly,1,Low,1,665.089447830496,1
27,66161.01079008204,15,2312.256788881449,Monthly,2,High,0,688.6633094986254,1
47,57565.04983233433,5,6343.7731499031115,Monthly,1,High,2,674.2322901735818,1
27,41885.35398274762,10,4233.077908484694,Monthly,0,Medium,0,632.199684414375,1
38,74447.62715655542,20,3555.274521022001,Monthly,1,Low,0,697.4935317038484,1
27,79134.04633589167,10,5925.332273639775,Quarterly,3,Medium,0,644.3533962538476,0
36,74189.03634278079,5,8454.607850123915,Quarterly,3,Low,1,663.75060804216,1
42,55815.562525109446,20,6489.792836894195,Monthly,0,High,1,710.3821749925178,1
50,57403.586005331475,25,4607.344887949255,Monthly,1,Medium,2,761.5085293998533,1
28,60760.069563364006,25,2919.416543544779,Yearly,4,High,1,634.1982870036571,1
39,48086.77411913016,10,3989.9026976394207,Monthly,0,Medium,2,740.8877754786596,1
26,92146.91152039985,15,4717.41387358781,Monthly,1,Low,1,682.8812175170744,1
43,85238.43001427983,5,2658.0562425567755,Monthly,2,High,2,707.8945299557244,1
46,83931.43003328983,10,1794.6477102828117,Yearly,1,Medium,0,651.7198125790657,1
46,104210.46003182702,10,6864.580170132558,Yearly,1,Low,2,713.6519054083124,1
20,30712.502395803596,5,1937.5438736332453,Yearly,4,High,1,655.5519836981188,0
54,61791.613625104976,25,8318.191041839447,Yearly,4,Low,0,689.0646820995722,0
61,89423.40654987218,15,3536.9148607606853,Quarterly,4,Medium,0,689.3086590789067,1
34,68892.05336440282,5,4171.020548254861,Monthly,1,Medium,2,743.777895971824,1
58,56974.53432692977,20,7960.217583909231,Yearly,4,Low,2,656.1685399055259,1
33,47075.453803123935,25,7295.07842718779,Monthly,0,Medium,2,654.0521082650232,1
24,68196.37313857026,10,4851.506668031279,Monthly,3,High,2,714.4079841982457,1
46,22363.019090047215,5,1101.5374336694695,Monthly,1,Medium,2,749.567613977585,1
41,28140.125329366616,20,5347.922299371416,Yearly,1,Medium,0,768.9654667775377,1
54,80011.64636085957,15,4296.855842799746,Monthly,0,Medium,1,812.674526488292,1
33,86086.80485756305,10,4347.0922218986325,Yearly,2,Low,1,761.1474277395423,1
45,59932.51085178096,15,3867.1865140750288,Monthly,2,Medium,0,780.3523341563481,1
25,82675.40193734129,15,6570.250441351253,Quarterly,1,Medium,2,636.1894551496473,1
26,74164.28846513115,25,4767.218674278447,Quarterly,1,Low,1,663.9271558712067,1
51,43794.95125971238,20,870.6050200824948,Quarterly,1,Medium,2,645.004561341383,1
39,56101.83439294638,25,4174.016731820513,Quarterly,3,High,1,759.3862256060107,1
51,32208.550664728078,15,4776.795338314198,Quarterly,2,High,0,697.5490414759182,1
46,36121.49987201889,10,3767.095309397906,Quarterly,4,High,0,710.7097201942121,1
33,47220.765046209955,20,969.5880232891714,Quarterly,2,Low,1,672.4455213920388,1
34,58786.78372370759,20,4477.907616239695,Yearly,2,High,1,696.8573251454828,1
33,74166.07694402128,20,5961.197425877968,Quarterly,2,Low,2,658.4468668500571,1
66,87473.17090325916,20,5153.90798045109,Monthly,1,Medium,2,713.7466783008946,1
39,64348.657463594456,5,3931.3739954476514,Quarterly,3,Medium,0,682.6719481146566,1
40,60876.229439582195,5,7763.567794903878,Quarterly,3,Medium,2,705.6211227474107,1
47,65665.75743092284,25,7249.391713593792,Quarterly,2,Medium,2,684.5397243200397,1
31,57208.207436896526,25,5108.153639693943,Yearly,4,Medium,2,722.3676336335091,1
57,81450.14674619604,10,2517.5321852782545,Yearly,2,High,1,650.7028527598922,1
40,70156.71512579247,15,5816.543281804061,Yearly,0,High,2,646.5256689760326,1
30,5935.3541400152535,15,5363.529366399526,Quarterly,1,High,0,640.8890884979156,1
35,63528.8311055445,15,3683.4195174815586,Yearly,0,Medium,2,733.6878477250305,0
41,31873.650726563323,10,4538.13510024934,Monthly,3,High,1,789.7083493651494,1
36,52164.83701912356,5,4477.811803074847,Quarterly,1,Low,1,693.8607292726032,1
47,81013.08792015223,20,5533.824152978788,Monthly,0,Medium,1,700.5481308558487,1
46,65213.47531647814,20,1872.6206293091495,Quarterly,2,High,0,655.2929280597411,1
43,16932.197727925704,15,3272.270868253915,Monthly,3,Medium,0,641.7107533426778,1
40,74379.06621330134,15,5394.652701229756,Yearly,2,High,2,673.1470229596908,1
29,52607.79327912732,10,6636.345600728233,Yearly,1,High,1,673.0793227750535,0
45,46741.98164898103,10,8380.355266691915,Monthly,3,Low,1,706.920271707703,1
41,39869.14869440718,5,2695.6612409599625,Monthly,0,Medium,2,750.6829914929746,1
43,61856.89802282229,25,6489.982839228164,Quarterly,3,Medium,1,712.670737993715,1
65,61508.672778031854,15,5545.03165164182,Quarterly,1,High,2,702.321986397098,1
35,80991.05430638671,25,2476.7017883214694,Quarterly,1,High,1,650.217609107341,0
35,70174.50046459868,25,5012.569049783747,Monthly,4,Medium,0,750.8818462726837,1
42,35484.68673995318,5,5319.929711547631,Quarterly,3,Medium,1,765.1172361697828,1
30,64815.063589771366,10,3246.139098432691,Yearly,4,Low,2,710.3736451819663,1
51,66515.92633164334,10,-1375.6229520802863,Yearly,1,Medium,1,687.5036031559554,1
50,67481.13139695144,15,6997.633289556302,Monthly,2,Medium,0,725.844424269779,1
46,44885.096810143106,5,7156.006745414954,Monthly,2,High,1,618.5936619091196,1
41,79503.95259564859,10,3700.963578192337,Monthly,3,Low,0,698.8719979333233,1
56,34914.21153661501,15,9162.539257533446,Monthly,4,Medium,1,787.1398616904837,0
53,46637.11828922012,5,6841.451025787786,Quarterly,1,High,0,684.0279709594747,1
44,59611.60788224535,10,7133.366217429006,Quarterly,3,Low,0,731.5512836701743,1
45,60128.445396218754,15,5207.545673600872,Quarterly,2,Medium,1,758.8228011182132,1
7,70775.11984892738,15,7261.966946270424,Quarterly,0,Medium,1,695.5094413213224,1
46,54163.77462168912,25,5740.005692420731,Monthly,3,Low,0,646.0132973034302,1
43,54194.509116226975,15,3686.630419779778,Monthly,3,Low,0,755.4325806253129,1
43,47129.63539239714,20,3933.3905331442584,Yearly,2,High,2,636.1075841468434,1
42,40172.15301087385,10,4291.876906265821,Quarterly,0,High,1,692.7270474446321,1
39,66383.4902083836,15,4715.629002023554,Quarterly,4,Medium,1,709.1988096827056,1
36,60484.38913345516,15,1922.488951449494,Yearly,2,Medium,0,701.1068242690603,1
51,59710.95458243442,5,8070.936899869048,Quarterly,4,Medium,1,621.9730855993698,1
40,57996.918470400946,15,8371.330849784035,Yearly,2,Low,0,642.2775170478104,1
45,43807.92960156708,25,3898.7629467957404,Yearly,4,Low,1,809.0450502292354,1
56,29486.873708598105,15,7970.438482025453,Monthly,3,High,0,650.8368461540028,1
26,31198.982348114114,10,2957.118754682816,Yearly,3,Medium,2,673.9432302103475,0
27,38074.49826209596,25,6376.533468101694,Quarterly,4,High,1,618.1359630298202,1
43,70262.11596352165,20,3970.0814813586194,Quarterly,2,High,1,619.668241269117,1
58,69933.98446473043,5,4603.572203115679,Yearly,1,High,2,704.5061177747863,1
50,94212.2674516385,5,7120.791810467766,Quarterly,3,Medium,2,667.9199750665985,1
38,82797.57122258091,20,5356.061469358745,Monthly,1,Low,1,664.9386465701625,1
32,32662.42603169158,20,4711.063169400413,Monthly,1,High,2,722.7754347552717,1
42,42989.590915814,5,6505.654427616946,Quarterly,4,Low,1,780.6219318061463,1
27,20490.668672922577,5,6402.584653504466,Quarterly,2,High,1,719.6095810597276,1
44,40350.252129233806,20,4918.488300306758,Yearly,2,High,0,706.7614605588341,1
25,37139.90174539033,25,6938.046747237577,Yearly,1,Medium,0,700.3259037489454,1
51,78383.08347220003,20,2989.387953037067,Quarterly,2,Low,2,769.4262883055108,1
22,66461.58546232058,5,2670.378121322793,Monthly,2,Medium,0,635.004684189436,1
41,62511.52906943084,20,5386.746347650913,Yearly,4,Low,0,744.2951161555604,1
45,81121.13618132104,20,3622.3352113508195,Monthly,4,High,1,751.5327364664915,1
41,71049.79908834296,15,4295.888784576127,Yearly,3,High,1,658.5412035246347,1
54,54952.92995747425,15,6218.197212885429,Yearly,4,Low,2,669.2940796263032,0
36,53817.67071594997,10,4615.401931941836,Quarterly,2,Medium,1,719.0129713037961,1
48,76769.81548903283,15,8129.2394823215,Quarterly,0,High,1,649.6369704639928,1
24,39061.78034636121,20,5281.685933114831,Monthly,1,Medium,2,709.8139461267803,1
54,72774.60444058369,5,5429.134806747029,Quarterly,4,High,1,724.1977260211048,1
44,28589.98792753646,25,2747.8161823455675,Monthly,2,Medium,0,738.8008010758493,1
50,62445.95006064568,10,3397.0820585405436,Yearly,2,High,2,730.1018711690891,1
22,69819.49903276503,20,4871.877922932222,Quarterly,3,Low,0,631.9587109348649,0
35,60681.66936518452,10,5771.3200009384755,Quarterly,1,Medium,0,697.7362596266158,1
32,78556.80256162475,25,5451.396275623046,Quarterly,3,Medium,2,737.2639165038173,1
25,50693.790864398936,20,3642.276413028451,Quarterly,3,Medium,0,689.0411370669516,1
32,43135.068093676164,5,8387.10158143071,Yearly,3,High,1,717.3318863890397,1
26,28582.476958630014,25,6486.62425908584,Monthly,2,Medium,0,806.4898571541632,1
42,67230.07050412204,25,4355.282898309515,Quarterly,2,Low,2,657.4705489581434,1
36,68481.2208892818,5,9155.354265838887,Yearly,0,Medium,1,725.6924225652784,0
34,66575.2482060696,20,3327.6442370254063,Yearly,3,Low,2,683.6063351766521,0
40,68471.98131186923,20,6748.353834476646,Yearly,3,High,0,684.5343793248996,1
40,83714.08309325993,15,2631.3900979617597,Monthly,3,Low,1,701.6327301447136,1
45,61648.79505869006,10,2664.5466247794784,Quarterly,2,High,1,725.5176322930944,1
47,60872.048927449076,20,4351.412566365516,Yearly,1,High,2,675.1671561020265,1
44,27673.78783126824,25,4873.2536647360275,Quarterly,1,High,2,661.9284916450603,1
55,70016.88949888914,5,4929.693546136366,Monthly,4,High,0,657.7205896714231,1
40,102902.98255546777,5,4197.862666153825,Quarterly,0,Low,2,714.9825961698373,1
56,88244.41110830859,5,6014.268979090537,Monthly,1,Medium,2,674.3527915425528,1
42,49146.52400531957,10,7452.844329067404,Monthly,1,Low,0,750.212083345596,1
30,46918.486337451526,10,3322.8136940722725,Monthly,2,Medium,0,742.1124117379892,0
42,65342.53302022967,5,3469.5552679906145,Quarterly,3,Low,0,679.5125646732229,1
41,50558.18844605745,5,2186.0008440738416,Yearly,0,Medium,0,693.9484619160894,1
55,97465.95552435091,5,9587.954566586297,Monthly,4,Medium,1,773.9069856950266,1
39,86206.17492239217,10,4845.277304761662,Monthly,4,Medium,2,713.6398312265896,1
34,92799.29058742785,5,4341.121725815753,Monthly,1,Low,1,771.7302699648029,1
43,86034.82578797596,20,5785.195328931967,Quarterly,2,High,1,756.5207753933253,1
48,73118.01553059522,15,6324.234582964054,Quarterly,0,Medium,1,675.9440970564705,1
31,89550.60162110523,5,5547.1876326789,Monthly,4,Low,0,697.388045661833,0
25,41921.847170704204,5,2745.805096306082,Quarterly,0,High,1,676.6403267862285,0
50,40256.409456976326,15,6830.1894791659,Monthly,0,Low,1,610.0560670363052,0
39,83469.4771497065,20,8284.552115080876,Quarterly,1,Low,2,711.7045680728883,1
29,101230.07153272795,15,5373.608784955307,Monthly,0,High,2,750.5675903960533,1
40,77401.35461377508,20,6274.743955175587,Yearly,3,Low,0,721.4556732564556,1
51,50501.92686754951,10,1096.7856129196944,Monthly,1,Low,0,663.928476797319,1
40,58234.359032974906,20,7476.475881292864,Monthly,1,High,0,648.109082312146,1
60,51783.7142409083,5,7540.8329211624405,Yearly,2,Low,1,714.9276640528824,1
27,92493.56916939121,10,6531.618982652435,Yearly,2,High,1,661.4098985602687,1
19,52663.51176370625,5,6954.637032128659,Yearly,3,High,1,706.1610120496053,1
49,27728.772042465178,5,3568.966361483358,Quarterly,1,Medium,0,659.6743336357616,1
44,32407.63670422139,10,3156.9892079523543,Yearly,4,Low,0,666.8800428144413,0
28,49025.50184518077,5,6290.338250745636,Yearly,1,Medium,1,713.3673374712631,0
33,111594.18675308637,20,3246.014810978896,Quarterly,0,Medium,1,773.9033862759711,0
50,30848.97001070139,20,7356.456185765124,Monthly,3,Low,0,788.9116373435919,1
28,84343.17041650994,20,5542.781961995395,Quarterly,4,Low,2,736.8096620051169,0
36,53895.50591290665,10,4392.480436960451,Monthly,1,High,1,643.1549595702173,1
37,83747.72103129502,15,5172.850837572382,Monthly,2,High,2,776.7860645401553,1
47,86563.88283698115,10,7988.502492512664,Quarterly,2,Medium,2,719.5837709899248,1
52,71218.38895882477,15,1491.8288746612911,Yearly,1,Medium,1,612.4281001398084,1
56,40509.41390658717,5,1949.444930967867,Yearly,3,Medium,1,708.1743611250098,1
43,30421.768624517426,5,5638.802467191162,Monthly,1,High,0,631.0219332548725,1
44,45899.76288483183,25,4653.357691498904,Monthly,4,Medium,1,737.176892249184,1
45,41452.937316188516,15,450.2264723552753,Yearly,1,Low,1,676.8427734228234,1
38,85620.32723470226,10,7515.388444487466,Yearly,4,Medium,2,680.7773971440778,1
38,47129.00335365076,20,5752.643554062366,Yearly,2,High,2,746.1834641148489,1
55,74162.17353377181,25,2492.599740203559,Monthly,4,Medium,2,720.3360099826057,1
48,46618.54522680167,20,2150.832720537816,Monthly,2,High,1,639.1555829831766,1
32,74841.90744018614,10,5585.976416669959,Monthly,1,Medium,0,559.0411761972371,1
35,56294.246822445835,15,6694.236637959282,Quarterly,1,Low,1,695.1023627007413,0
54,46924.6732270236,15,4193.264653307021,Yearly,1,High,2,654.1019313965685,0
50,54629.387041883354,10,4181.766772689497,Monthly,4,High,1,740.5512899016238,1
24,57319.65666654165,25,4712.083212423978,Yearly,2,Medium,2,768.3487323101207,0
25,78686.39822478547,20,2874.0666879500104,Yearly,2,Medium,2,695.1925795890605,1
35,50935.439013454496,5,4550.05340142337,Yearly,2,Low,2,682.6624360709841,1
27,38649.34171491454,5,7203.9133947948485,Yearly,0,Low,1,675.042858821297,1
48,70323.56574229916,5,4512.979088196211,Yearly,2,Low,1,699.0493131070273,1
55,82019.19269997142,15,6672.445873643059,Yearly,4,High,2,582.2236848674014,1
40,68954.33851620555,25,6039.726879599625,Quarterly,1,Medium,1,688.9573920597566,1
42,82968.91418393509,20,5776.932830096583,Yearly,1,Medium,1,734.9786751425944,1
34,46587.5958184671,5,5117.174275084706,Monthly,3,High,0,676.8189312431545,1
35,29725.712147743456,15,2273.8433102046124,Monthly,2,High,0,750.7378312001601,1
37,68566.14194415297,10,6087.21585496026,Quarterly,1,Medium,2,693.7813017433084,1
42,85314.15681729402,15,5317.754241982305,Quarterly,1,High,2,700.2130833609544,1
35,78271.69252466499,25,5627.5318466167755,Yearly,1,High,0,717.4520572531857,1
44,122754.97067319987,20,2261.726925301071,Quarterly,1,Low,1,695.9287009487274,1
47,83294.78708914343,20,5232.726902731921,Yearly,1,Low,1,761.7691947060948,1
50,44960.61336522362,5,2054.027224516489,Monthly,1,Low,1,794.4805002319738,1
34,68600.8329438214,20,8747.83484206007,Yearly,2,High,1,748.340478549206,1
45,48366.38172102712,20,3838.352094306996,Quarterly,1,High,2,640.5749583962732,1
49,70278.1569931783,20,2885.8856645684477,Quarterly,1,Low,1,682.2294304612864,1
46,53503.37232982755,25,7734.545612564165,Quarterly,1,High,0,722.4336232596074,1
32,52555.86447857894,25,8128.539037892061,Yearly,3,Medium,1,757.0061790886265,1
27,91479.73526580066,15,6454.331488796057,Yearly,0,Low,1,740.2814253351851,1
48,59449.701898987274,25,5726.364596582541,Quarterly,0,High,1,726.8060498842062,1
31,75178.5717957353,10,2291.439891129037,Monthly,2,Medium,0,741.4971606923422,1
65,66769.67686923382,15,2303.6928519634685,Quarterly,4,Low,2,702.8817031451255,1
48,70925.684960074,15,3665.384665291236,Monthly,4,Medium,0,747.0848371152862,1
44,54999.06970802094,25,5981.657001236191,Quarterly,0,High,0,742.1157415598666,1
64,42676.50303570998,25,4265.460586291563,Monthly,0,Low,0,695.4404126513144,1
58,72431.43779712102,15,1583.6298613668191,Quarterly,0,High,0,751.6365223681532,1
22,53936.40434331449,10,3957.0287092884646,Monthly,2,High,2,744.2298553362793,1
25,58385.668397828355,10,7249.250998231724,Yearly,0,Low,0,717.0269028686212,1
36,77680.907927221,5,4266.536903921962,Quarterly,0,High,1,702.4611939024034,1
32,52417.44518025026,10,6340.200080250304,Yearly,1,Medium,0,747.2536633934545,1
33,61401.04326226363,15,470.9700412077673,Quarterly,4,Low,1,744.7197090150659,1
48,69328.59964867053,15,7481.759144093805,Yearly,1,Medium,2,712.5325788803949,0
36,71733.8760295055,20,4838.868403375258,Quarterly,2,High,0,762.285433208483,1
59,57230.880320324526,25,2667.524212281388,Monthly,4,High,1,754.3447806293404,1
42,43462.3929192028,10,1526.367182911949,Monthly,1,Medium,2,734.549360443017,1
45,50523.21305858168,5,7072.382988783822,Monthly,1,Low,2,745.4549843273795,0
45,45960.16624386489,5,3572.2180251334667,Yearly,3,Low,1,705.5520075485454,1
26,100267.74495053246,20,5046.659017294354,Yearly,3,Low,1,702.7630312908572,1
29,64263.932564753784,10,5721.030429888995,Yearly,2,Low,2,766.3233391069281,1
53,40567.71922978697,10,5611.744110192057,Yearly,0,Low,1,634.9578513188501,1
39,103418.85434995627,25,4460.318918656367,Yearly,1,Medium,1,702.8993192516851,1
33,79389.14401053474,15,6940.3936533706,Yearly,4,Low,1,736.7033955927932,1
37,65579.88324447603,5,5341.063720775998,Quarterly,0,Low,1,711.4881943592853,1
37,73964.46627227179,25,2701.6902315204047,Monthly,2,High,2,711.1959549876797,1
33,62464.09613568972,5,5314.088494417343,Monthly,1,Low,0,796.0913194537094,1
37,58407.172175085696,20,4530.681324906875,Yearly,1,High,2,787.9558574124273,1
39,99166.94908441187,10,4653.693796400605,Quarterly,0,High,0,732.503828826299,1
42,77662.19554294318,10,5734.340320466868,Quarterly,4,High,0,729.496881616419,1
56,79006.15183947151,20,4727.323305971027,Quarterly,3,High,1,646.0526010454405,1
45,40032.29121623417,20,3697.8719961702554,Yearly,3,High,0,656.0549284265934,1
38,81719.64232350065,10,5993.55114753382,Yearly,1,Low,2,785.1322334686099,1
44,66487.18563443205,5,3014.469648496359,Monthly,1,Low,2,713.0402760332149,1
40,78326.55349404963,5,6876.443995311463,Yearly,0,Low,0,637.1071783939666,1
35,23937.206474881095,10,3719.2046418827886,Quarterly,0,Medium,2,696.3207905059793,0
43,76161.15596562291,20,2097.7872256599835,Monthly,2,High,2,769.8611675866936,1
37,32868.3639075319,15,-906.1502013025392,Quarterly,4,High,2,668.0224934364954,1
29,31563.786665163127,25,5265.837283500548,Monthly,2,High,2,576.8468050076874,0
26,43636.02233155386,5,7166.546486932433,Monthly,4,Low,0,744.4278936810697,1
50,28472.15686031501,20,6394.626077824797,Yearly,4,Medium,0,535.1873494008735,1
39,67984.46245210558,25,8261.335554475128,Monthly,2,Medium,0,713.5609564449123,0
46,46151.58040252288,25,3694.9817191585526,Monthly,4,Medium,2,647.3346837077269,1
37,55837.662854549206,10,1533.2322758901714,Quarterly,0,High,1,677.4966232842962,1
43,62504.49005295814,15,8685.302745766685,Quarterly,2,High,0,580.1862471487168,1
30,55116.867294187025,10,2223.6305796515867,Quarterly,3,Low,2,594.3167228720134,0
43,62400.62653436523,5,5480.849753677571,Monthly,1,Medium,0,663.7361695945025,1
65,79297.03266194915,10,6061.133209075469,Yearly,0,High,1,722.4018098024252,1
32,48850.16429984333,20,3614.0316053370016,Monthly,1,Low,0,657.2571598727212,1
48,85251.68206854364,15,4516.603097167021,Monthly,4,Low,2,693.0240883050069,1
46,47547.01276531096,5,5976.989344906486,Yearly,3,High,0,772.8456306477151,1
61,47887.689205262715,15,5381.42993343359,Quarterly,3,Low,1,702.1139915796566,1
42,37932.66787652252,25,7255.424016389759,Quarterly,0,Low,1,710.4299299496098,1
51,90569.36852825063,25,4648.436156466927,Yearly,2,Medium,1,710.407498582337,1
25,92307.51378938883,20,4757.806623068413,Monthly,0,High,1,643.7986907634696,1
44,46445.692604957876,10,6514.53386707081,Monthly,4,High,1,668.6817344826486,1
44,68731.19608315335,5,3267.608802613136,Quarterly,1,Medium,0,689.8443675636794,1
31,80481.25051622925,10,7781.045143202116,Quarterly,0,Medium,1,739.841647240457,1
48,71948.00139699716,10,5883.5519931774625,Yearly,1,Low,2,666.5848381642778,1
28,82975.31400744207,5,3661.0487498217135,Yearly,0,Low,1,633.5602445742179,1
16,47804.341913612356,25,5724.636917471118,Monthly,0,Low,0,665.4828478361401,1
39,79714.59991359725,5,2896.170149888622,Yearly,0,Low,0,661.0418210242935,1
40,58717.23306814015,15,5388.405724312492,Yearly,2,High,1,725.5324495532567,1
35,82482.25439972027,20,5355.56970765792,Yearly,2,Low,2,733.4929379014483,1
23,84420.67391050706,10,4759.458819594929,Yearly,2,Medium,0,655.9490825522333,1
49,59335.40018711078,5,6823.530645684006,Quarterly,1,Medium,1,743.0379474878621,1
41,70422.44856758676,25,6831.97071189159,Yearly,3,High,1,600.7231092719958,1
48,52751.18117193736,25,6487.753249029277,Quarterly,1,Low,2,652.7645895363796,1
54,92244.41256510849,20,4533.134402712209,Yearly,0,Low,0,797.3885039468124,1
22,94719.27606330498,10,3502.6395969897208,Quarterly,3,High,0,664.4347583410168,1
58,46236.99309644553,20,5987.3071306121765,Quarterly,0,High,1,673.5731287191151,1
47,93678.55382915738,10,6796.5637120560805,Yearly,1,Low,0,738.8923335255414,1
40,48715.04802685223,20,3073.044924529613,Monthly,4,High,2,677.251484351981,1
31,96520.19427093872,15,5532.3844963745405,Quarterly,4,Low,1,617.3630428420693,1
39,55507.33700005951,10,5378.463959811856,Monthly,3,Low,1,724.9524417741487,1
39,27960.68376205663,10,1280.4408940581834,Quarterly,3,Low,2,654.7592608094144,0
32,46530.18751512263,15,5190.602707747874,Quarterly,3,Low,0,711.7245358989271,1
42,62300.52158294834,10,4021.521534001811,Quarterly,2,Low,2,663.2617152629607,1
33,69880.60372565477,10,3876.7859299236725,Quarterly,3,Low,1,602.6442311632691,1
39,26331.236155581,10,4659.398068978747,Monthly,3,Medium,1,711.0901104708615,1
36,53950.60627023743,15,3256.6438423262293,Quarterly,3,Low,1,701.805718924482,1
33,63791.63233197487,10,3960.1335310149193,Monthly,2,Low,0,649.4042339154402,1
39,51290.27258860313,20,5441.71774491892,Monthly,4,Low,1,683.6211543475442,1
41,41291.225959108095,15,5406.298403182415,Yearly,0,High,0,682.7313377239325,1
33,58022.20693617715,5,4062.8621544036005,Quarterly,3,Medium,0,728.0384674507584,1
50,69783.74260295327,20,7404.4775608313485,Yearly,4,Low,0,733.0459693577554,1
49,76670.5792321785,5,6149.4025233306975,Monthly,1,Medium,2,714.5104559210654,1
40,49280.731097719035,15,3043.087493201586,Yearly,1,Medium,0,646.9069568494616,1
40,35514.035274212685,25,768.3168695335462,Quarterly,2,High,2,666.1519164541248,1
32,24784.74481688365,10,3673.613103249282,Yearly,3,Medium,1,697.9426417634439,0
57,59469.5748150188,10,6731.90536783329,Quarterly,3,Medium,2,659.4633373483439,1
25,42176.155491694255,15,4962.9907935406745,Quarterly,4,Medium,0,814.528250881096,1
55,75869.77441104426,5,5808.1172349188355,Yearly,1,High,1,634.9783209814152,1
41,84721.86350420874,10,4644.7265892292535,Yearly,4,High,2,652.0092997177478,1
45,51411.889177494944,5,6173.904582366749,Monthly,0,Low,1,688.9767878052862,1
47,105818.85145181484,15,2455.4105307520294,Monthly,2,High,2,674.7462805794821,1
35,67347.31013632356,10,4821.753740933533,Quarterly,0,Low,2,770.9464502089368,1
32,96763.67353590246,15,5499.169123578338,Quarterly,0,High,1,705.0956042941458,1
34,70733.05505054572,10,5379.393862435325,Yearly,2,Medium,0,688.2815649638771,1
32,72694.4293712354,15,3498.595945927403,Yearly,3,High,2,710.3485672532996,1
45,57581.037027844366,20,6076.265929136932,Monthly,2,Medium,0,660.0986558952335,1
54,61537.03765917537,25,7464.427912679538,Quarterly,1,Low,0,651.4309361472967,1
34,93901.02080861505,20,6867.890332203473,Monthly,4,Medium,2,682.813816095396,0
44,39201.881457489384,15,3502.907730758524,Monthly,0,Medium,1,643.7233002013975,1
35,54373.44885763573,25,3398.0648062080404,Monthly,2,Medium,1,696.6672261888756,1
34,44931.64259307633,25,1948.528193592636,Quarterly,4,Low,0,760.7404473880961,0
38,78492.67365825537,15,3163.982475556391,Monthly,3,Low,2,752.0925305159881,0
47,69353.86343530867,5,7756.568187245348,Yearly,4,Low,1,683.3829914207064,1
30,47465.655508200696,15,4217.040099823616,Yearly,2,Medium,2,783.384210315357,1
60,45055.76641704353,5,2531.757729981859,Quarterly,0,Medium,1,670.0451290895486,1
37,53026.957311842816,5,7692.125953460903,Yearly,3,Low,0,667.5905426466328,1
30,60811.83382407765,5,5484.314981482467,Monthly,4,High,2,805.7087608970937,1
48,50336.27075401252,25,7639.721341330961,Quarterly,3,High,0,626.4669521531441,1
24,33599.54977558588,10,1047.9991045583324,Monthly,4,Low,2,762.9928095451562,1
40,61768.13772583695,20,4761.4750528195045,Monthly,4,Low,1,685.8955358662377,0
46,37935.83268556633,25,5139.404629463645,Yearly,2,Low,2,677.2500290081214,1
34,71310.19291263088,15,487.73538501411076,Quarterly,1,High,0,748.0188574369079,1
42,59453.909209801364,5,5086.166016048771,Quarterly,2,Medium,1,732.8370271915337,1
49,59255.55526980317,20,9440.037468846527,Yearly,3,Low,2,753.8935527913736,0
34,63408.32444750975,10,7957.447218935783,Monthly,1,Low,0,660.6687371598433,0
41,91972.94341009433,10,4631.523921108994,Quarterly,3,High,0,698.7196662722142,1
52,74736.87794184867,15,5610.124277930334,Quarterly,1,High,0,734.2213880209155,1
42,30302.040631001928,20,3585.7679907354423,Yearly,2,High,0,761.4629471299828,1
32,47764.61818189429,15,2134.121758628972,Quarterly,2,Low,1,691.002164909836,1
38,55928.392797952765,15,7731.635505124097,Quarterly,4,High,1,706.8374804968817,0
20,46216.243638208645,10,5512.515584085869,Yearly,3,Low,0,677.7475153183494,1
40,33763.27535299681,15,6158.015400298527,Quarterly,3,High,2,691.6097227626767,1
47,56342.0711779032,5,4723.896300055245,Quarterly,3,Low,1,724.7300888082492,1
58,91230.22393453706,25,8181.006689129677,Yearly,1,Medium,0,610.312914646579,1
40,53671.83100610396,25,4092.516774323343,Quarterly,2,Medium,0,710.1082688853946,1
48,87685.45637021036,10,6086.593328164581,Monthly,0,Low,2,701.1098248629551,1
39,57429.24977122139,10,870.2290759062271,Yearly,4,Medium,0,679.4403020153803,1
37,83778.26742949286,5,7425.568778260837,Yearly,0,High,2,698.8179011600591,1
13,56257.11469990903,10,4674.253758016841,Monthly,2,Low,0,679.8623676646516,0
40,55777.39522344611,15,3622.0831770830086,Quarterly,2,Low,1,700.0935091945938,1
32,64493.69451503772,10,2856.2863955350426,Monthly,1,High,0,713.4144928767139,1
47,40566.86530917428,15,5695.330492814852,Monthly,4,Low,2,722.0949246356563,1
33,56596.307549501435,10,3841.5996845573527,Quarterly,0,Low,0,689.9554896863285,1
30,64664.32262527003,10,2215.220944432626,Quarterly,0,Medium,0,727.3831641003742,1
48,39704.86538614266,5,5260.908224177354,Quarterly,2,Low,2,670.1481729786997,1
19,61339.81434449744,5,5560.783942226629,Monthly,0,Low,1,738.6950897899552,1
57,87913.67621579912,20,8516.83571475825,Monthly,2,Medium,1,739.6995254750533,1
48,11515.194794541167,5,3526.396589357243,Monthly,2,Medium,1,667.1205853113939,1
37,50707.65405403214,15,5235.769012206711,Monthly,0,High,0,720.5278622520686,1
24,40633.11090272729,10,6966.235265953095,Quarterly,2,High,2,752.9596857561775,1
43,29905.592519379956,15,3069.534798243085,Yearly,0,Low,1,732.23312974373,1
38,63591.63563879196,5,3078.407078324846,Quarterly,0,Low,0,774.3640512611613,0
37,72965.60867687718,15,6981.4165074070315,Quarterly,4,Low,2,570.1911787777672,1
28,59516.08787218168,15,7412.960310830109,Yearly,4,High,0,641.9443804933389,1
42,37166.2177173299,15,3190.216147904267,Quarterly,1,Medium,1,741.5526445619477,1
43,70872.00309188865,5,5135.981815162333,Quarterly,4,Medium,1,653.4908765271214,1
56,44302.033738355196,15,5306.245125182153,Yearly,4,High,0,633.7316808162489,1
42,59572.654113031276,15,2412.361196391157,Quarterly,2,Medium,0,740.453362942244,1
31,87849.30600128658,5,5104.637095644966,Monthly,1,High,0,691.6452377221559,1
32,70021.8833987969,15,5821.123230453887,Quarterly,1,Low,0,767.8397183903985,1
61,20125.28714857089,10,6484.305608752914,Monthly,2,High,2,673.9701542101553,1
37,48525.99992122842,20,5570.689680886503,Yearly,0,Low,2,708.9727992138588,1
48,71156.20612703725,5,4031.8859613444033,Yearly,4,Medium,0,668.1288043559637,1
28,73463.62702539917,20,3800.342246914204,Yearly,0,Low,0,620.3373004105282,1
30,10011.88570252854,20,4807.945189361293,Monthly,0,Medium,0,776.4160293034186,1
41,106386.59079963388,5,3704.735772822919,Monthly,3,Low,0,714.8327426479209,1
51,87488.76186341635,20,7547.348495809389,Quarterly,2,Medium,1,639.4706061590441,1
48,33319.49010163591,20,3991.007031456734,Yearly,4,Medium,2,677.6093398806696,1
41,65985.85160812984,25,5755.229012657879,Quarterly,4,Low,0,634.5223592271032,1
36,28317.281139890205,5,3365.409078238715,Yearly,1,Low,2,748.8647121545739,1
52,103300.04689802168,25,6793.9488772409495,Quarterly,1,Medium,1,728.7460257902399,1
54,111163.98571336505,15,2266.5365330341874,Quarterly,0,Low,0,741.9038484040838,1
34,83812.92549572683,25,5886.546596012812,Monthly,0,High,1,721.8661891214657,1
58,71029.70752080934,5,7038.771953920421,Quarterly,1,High,2,555.6638597968262,1
45,81717.91131663157,10,611.5035129089356,Monthly,4,Medium,0,639.3152343025173,1
34,57638.629460178425,15,6848.668565983564,Quarterly,1,High,1,666.1264412261137,0
24,66427.14430900547,5,4240.306142176182,Monthly,0,Medium,1,634.4456968815405,1
34,47843.56025811135,15,7389.844269729992,Monthly,0,High,1,729.6416307962994,1
32,55701.57939422529,10,6815.2365536004145,Monthly,0,High,0,728.3592104730893,1
37,66929.76951795985,20,4290.125097135436,Yearly,0,Medium,2,646.2000662107604,1
54,32561.977141372874,25,6628.338966664704,Quarterly,3,High,2,670.3251891173956,0
43,64775.78318053027,15,6916.576859410004,Monthly,3,Medium,1,801.8928775118349,1
34,85795.05508165491,25,4456.359393440694,Quarterly,2,Low,2,613.2939655243831,1
39,90615.01664687395,10,3239.5596183553457,Quarterly,1,Medium,2,702.4830166908291,1
36,54101.00643415944,25,5787.775189621157,Monthly,3,Medium,1,728.0250119333107,1
46,93398.09008702813,5,5005.621031372247,Yearly,1,Low,2,744.8038794747645,1
30,83740.6061112076,10,5268.945684125826,Yearly,0,Medium,1,727.3007959175613,1
64,56390.401728187484,5,3000.200147472599,Quarterly,3,High,1,774.9861603128082,1
54,70456.70976070999,25,7067.850286171116,Yearly,4,Medium,2,605.4435569056777,1
34,67012.60198547118,5,6345.215457565308,Monthly,0,Low,0,697.6030603827558,1
55,69540.81654446243,20,7198.754776364903,Yearly,1,Low,0,673.1311612889227,1
58,72255.4781012514,25,6500.573820161896,Yearly,2,High,2,701.3280052431701,1
54,81826.20241188537,10,5610.213466481458,Quarterly,2,Low,2,737.470355738754,1
42,57313.82517058904,20,5276.2634128054415,Quarterly,2,Medium,1,698.9565368468894,1
40,65651.599009766,25,4415.360701323426,Monthly,0,Medium,0,620.5169614016795,0
36,101767.49409561456,10,5355.557845859762,Quarterly,1,Low,0,739.8078699687725,1
